
INSERT INTO receiving.lk_import_fin_number (id, fin_number , order_number, create_date, modification_date)
VALUES
(1, 'W0365',1,CURRENT_TIMESTAMP, CURRENT_TIMESTAMP),
(2, 'W0365',2,CURRENT_TIMESTAMP, CURRENT_TIMESTAMP),
(3, 'W0470',3,CURRENT_TIMESTAMP, CURRENT_TIMESTAMP),
(4, 'W0471',4,CURRENT_TIMESTAMP, CURRENT_TIMESTAMP),
(5, 'W0472',5,CURRENT_TIMESTAMP, CURRENT_TIMESTAMP),
(6, 'W0358',6,CURRENT_TIMESTAMP, CURRENT_TIMESTAMP),
(7, 'W0362',7,CURRENT_TIMESTAMP, CURRENT_TIMESTAMP),
(8, 'W0410',8,CURRENT_TIMESTAMP, CURRENT_TIMESTAMP),
(9, 'W0841',9,CURRENT_TIMESTAMP, CURRENT_TIMESTAMP),
(10, 'W0847',10, CURRENT_TIMESTAMP, CURRENT_TIMESTAMP),
(11, 'W0851',11, CURRENT_TIMESTAMP, CURRENT_TIMESTAMP);


INSERT INTO receiving.lk_product_family (id, temperature_category, product_family, description, order_number, create_date, modification_date)
VALUES
(1, 'ROOM_TEMPERATURE', 'APHERESIS_PLATELETS_LEUKOREDUCED', 'Apheresis Platelets Leukoreduced', 1, CURRENT_TIMESTAMP, CURRENT_TIMESTAMP),
(2, 'ROOM_TEMPERATURE', 'GENERIC_PLASMA', 'Generic Plasma', 2, CURRENT_TIMESTAMP, CURRENT_TIMESTAMP),
(3, 'ROOM_TEMPERATURE', 'PLASMA_MFG_INJECTABLE', 'Plasma Mfg Injectable', 3, CURRENT_TIMESTAMP, CURRENT_TIMESTAMP),
(4, 'ROOM_TEMPERATURE', 'PLASMA_MFG_NONINJECTABLE', 'Plasma Mfg Noninjectable', 4, CURRENT_TIMESTAMP, CURRENT_TIMESTAMP),
(5, 'FROZEN', 'PLASMA_TRANSFUSABLE', 'Plasma Transfusable', 5, CURRENT_TIMESTAMP, CURRENT_TIMESTAMP),
(6, 'FROZEN', 'PRT_APHERESIS_PLATELETS', 'PRT Apheresis Platelets', 6, CURRENT_TIMESTAMP, CURRENT_TIMESTAMP),
(7, 'FROZEN', 'RED_BLOOD_CELLS', 'Red Blood Cells', 7, CURRENT_TIMESTAMP, CURRENT_TIMESTAMP),
(8, 'REFRIGERATED', 'RED_BLOOD_CELLS_LEUKOREDUCED', 'Red Blood Cells Leukoreduced', 8, CURRENT_TIMESTAMP, CURRENT_TIMESTAMP),
(9, 'REFRIGERATED', 'WHOLE_BLOOD', 'Whole Blood', 9, CURRENT_TIMESTAMP, CURRENT_TIMESTAMP),
(10, 'REFRIGERATED', 'WHOLE_BLOOD_LEUKOREDUCED', 'Whole Blood Leukoreduced', 10, CURRENT_TIMESTAMP, CURRENT_TIMESTAMP);


INSERT INTO receiving.lk_product (id, product_code, short_description, product_family, active, create_date, modification_date)
VALUES
(1, 'E0023V00', 'CPD WB', 'WHOLE_BLOOD', true, CURRENT_TIMESTAMP, CURRENT_TIMESTAMP),
(2, 'E0033V00', 'CPD LR WB', 'WHOLE_BLOOD_LEUKOREDUCED', true, CURRENT_TIMESTAMP, CURRENT_TIMESTAMP),
(3, 'E0112V00', 'CP2D WB', 'WHOLE_BLOOD', true, CURRENT_TIMESTAMP, CURRENT_TIMESTAMP),
(4, 'E0167V00', 'CPD RBC', 'RED_BLOOD_CELLS', true, CURRENT_TIMESTAMP, CURRENT_TIMESTAMP),
(5, 'E0181V00', 'CPD LR RBC', 'RED_BLOOD_CELLS_LEUKOREDUCED', true, CURRENT_TIMESTAMP, CURRENT_TIMESTAMP),
(6, 'E0262V00', 'CP2D RBC', 'RED_BLOOD_CELLS', true, CURRENT_TIMESTAMP, CURRENT_TIMESTAMP),
(7, 'E0316V00', 'AS1 RBC', 'RED_BLOOD_CELLS', true, CURRENT_TIMESTAMP, CURRENT_TIMESTAMP),
(8, 'E0336V00', 'AS1 LR RBC', 'RED_BLOOD_CELLS_LEUKOREDUCED', true, CURRENT_TIMESTAMP, CURRENT_TIMESTAMP),
(9, 'E0366V00', 'AS3 RBC', 'RED_BLOOD_CELLS', true, CURRENT_TIMESTAMP, CURRENT_TIMESTAMP),
(10, 'E0382V00', 'AS3 LR RBC', 'RED_BLOOD_CELLS_LEUKOREDUCED', true, CURRENT_TIMESTAMP, CURRENT_TIMESTAMP),
(11, 'E0404V00', 'AS5 RBC', 'RED_BLOOD_CELLS', true, CURRENT_TIMESTAMP, CURRENT_TIMESTAMP),
(12, 'E0424V00', 'AS5 LR RBC', 'RED_BLOOD_CELLS_LEUKOREDUCED', true, CURRENT_TIMESTAMP, CURRENT_TIMESTAMP),
(13, 'E0678V00', 'APH AS3 LR', 'RED_BLOOD_CELLS_LEUKOREDUCED', true, CURRENT_TIMESTAMP, CURRENT_TIMESTAMP),
(14, 'E0685V00', 'APH AS3 LR RBC C1', 'RED_BLOOD_CELLS_LEUKOREDUCED', true, CURRENT_TIMESTAMP, CURRENT_TIMESTAMP),
(15, 'E0686V00', 'APH AS3 LR RBC C2', 'RED_BLOOD_CELLS_LEUKOREDUCED', true, CURRENT_TIMESTAMP, CURRENT_TIMESTAMP),
(16, 'E0701V00', 'FFP', 'PLASMA_TRANSFUSABLE', true, CURRENT_TIMESTAMP, CURRENT_TIMESTAMP),
(17, 'E0713V00', 'FFP', 'PLASMA_TRANSFUSABLE', true, CURRENT_TIMESTAMP, CURRENT_TIMESTAMP),
(18, 'E0869V00', 'APH FFP', 'PLASMA_TRANSFUSABLE', true, CURRENT_TIMESTAMP, CURRENT_TIMESTAMP),
(19, 'E0869VA0', 'APH FFP A', 'PLASMA_TRANSFUSABLE', true, CURRENT_TIMESTAMP, CURRENT_TIMESTAMP),
(20, 'E0869VB0', 'APH FFP B', 'PLASMA_TRANSFUSABLE', true, CURRENT_TIMESTAMP, CURRENT_TIMESTAMP),
(21, 'E0869VC0', 'APH FFP C', 'PLASMA_TRANSFUSABLE', true, CURRENT_TIMESTAMP, CURRENT_TIMESTAMP),
(22, 'E0869VD0', 'APH FFP D', 'PLASMA_TRANSFUSABLE', true, CURRENT_TIMESTAMP, CURRENT_TIMESTAMP),
(23, 'E1624V00', 'APH PF24', 'PLASMA_TRANSFUSABLE', true, CURRENT_TIMESTAMP, CURRENT_TIMESTAMP),
(24, 'E1624VA0', 'APH PF24 A', 'PLASMA_TRANSFUSABLE', true, CURRENT_TIMESTAMP, CURRENT_TIMESTAMP),
(25, 'E1624VB0', 'APH PF24 B', 'PLASMA_TRANSFUSABLE', true, CURRENT_TIMESTAMP, CURRENT_TIMESTAMP),
(26, 'E1624VC0', 'APH PF24 C', 'PLASMA_TRANSFUSABLE', true, CURRENT_TIMESTAMP, CURRENT_TIMESTAMP),
(27, 'E1624VD0', 'APH PF24 D', 'PLASMA_TRANSFUSABLE', true, CURRENT_TIMESTAMP, CURRENT_TIMESTAMP),
(28, 'E2457V00', 'CPD PLS REF', 'PLASMA_TRANSFUSABLE', true, CURRENT_TIMESTAMP, CURRENT_TIMESTAMP),
(29, 'E2469V00', 'CP2D PLS REF', 'PLASMA_TRANSFUSABLE', true, CURRENT_TIMESTAMP, CURRENT_TIMESTAMP),
(30, 'E2488V00', 'LIQ CPD PLS MNI RT', 'PLASMA_MFG_NONINJECTABLE', true, CURRENT_TIMESTAMP, CURRENT_TIMESTAMP),
(31, 'E2534V00', 'CPD PLS MI 24H', 'PLASMA_MFG_INJECTABLE', true, CURRENT_TIMESTAMP, CURRENT_TIMESTAMP),
(32, 'E2555V00', 'PF24', 'PLASMA_TRANSFUSABLE', true, CURRENT_TIMESTAMP, CURRENT_TIMESTAMP),
(33, 'E2603V00', 'CP2D PLS MNI FRZ', 'PLASMA_MFG_NONINJECTABLE', true, CURRENT_TIMESTAMP, CURRENT_TIMESTAMP),
(34, 'E2619V00', 'PF24', 'PLASMA_TRANSFUSABLE', true, CURRENT_TIMESTAMP, CURRENT_TIMESTAMP),
(35, 'E3556V00', 'WSH APH PLT BM36', 'APHERESIS_PLATELETS_LEUKOREDUCED', true, CURRENT_TIMESTAMP, CURRENT_TIMESTAMP),
(36, 'E3558V00', 'WSH APH PLT BM36 C1', 'APHERESIS_PLATELETS_LEUKOREDUCED', true, CURRENT_TIMESTAMP, CURRENT_TIMESTAMP),
(37, 'E3559V00', 'WSH APH PLT BM36 C2', 'APHERESIS_PLATELETS_LEUKOREDUCED', true, CURRENT_TIMESTAMP, CURRENT_TIMESTAMP),
(38, 'E3560V00', 'WSH APH PLT BM36 C3', 'APHERESIS_PLATELETS_LEUKOREDUCED', true, CURRENT_TIMESTAMP, CURRENT_TIMESTAMP),
(39, 'E4140V00', 'WSH APH LR RBC C1', 'RED_BLOOD_CELLS_LEUKOREDUCED', true, CURRENT_TIMESTAMP, CURRENT_TIMESTAMP),
(40, 'E4531V00', 'APH AS1 LR RBC', 'RED_BLOOD_CELLS_LEUKOREDUCED', true, CURRENT_TIMESTAMP, CURRENT_TIMESTAMP),
(41, 'E4532V00', 'APH AS1 LR RBC C1', 'RED_BLOOD_CELLS_LEUKOREDUCED', true, CURRENT_TIMESTAMP, CURRENT_TIMESTAMP),
(42, 'E4533V00', 'APH AS1 LR RBC C2', 'RED_BLOOD_CELLS_LEUKOREDUCED', true, CURRENT_TIMESTAMP, CURRENT_TIMESTAMP),
(43, 'E4566V00', 'WSH APH LR RBC C1', 'RED_BLOOD_CELLS_LEUKOREDUCED', true, CURRENT_TIMESTAMP, CURRENT_TIMESTAMP),
(44, 'E4567V00', 'WSH APH LR RBC C2', 'RED_BLOOD_CELLS_LEUKOREDUCED', true, CURRENT_TIMESTAMP, CURRENT_TIMESTAMP),
(45, 'E4689V00', 'APH FFP C1', 'PLASMA_TRANSFUSABLE', true, CURRENT_TIMESTAMP, CURRENT_TIMESTAMP),
(46, 'E4693V00', 'APH FFP C2', 'PLASMA_TRANSFUSABLE', true, CURRENT_TIMESTAMP, CURRENT_TIMESTAMP),
(47, 'E4697V00', 'APH FFP C3', 'PLASMA_TRANSFUSABLE', true, CURRENT_TIMESTAMP, CURRENT_TIMESTAMP),
(48, 'E4701V00', 'APH FFP C4', 'PLASMA_TRANSFUSABLE', true, CURRENT_TIMESTAMP, CURRENT_TIMESTAMP),
(49, 'E5085V00', 'LR RBC FRZ', 'RED_BLOOD_CELLS_LEUKOREDUCED', true, CURRENT_TIMESTAMP, CURRENT_TIMESTAMP),
(50, 'E5105V00', 'APH LR RBC FRZ', 'RED_BLOOD_CELLS_LEUKOREDUCED', true, CURRENT_TIMESTAMP, CURRENT_TIMESTAMP),
(51, 'E5106V00', 'APH LR RBC FRZ C1', 'RED_BLOOD_CELLS_LEUKOREDUCED', true, CURRENT_TIMESTAMP, CURRENT_TIMESTAMP),
(52, 'E5107V00', 'APH LR RBC FRZ C2', 'RED_BLOOD_CELLS_LEUKOREDUCED', true, CURRENT_TIMESTAMP, CURRENT_TIMESTAMP),
(53, 'E5160V00', 'WSH LR RBC', 'RED_BLOOD_CELLS_LEUKOREDUCED', true, CURRENT_TIMESTAMP, CURRENT_TIMESTAMP),
(54, 'E5622V00', 'CPD PLS MI 72H', 'PLASMA_MFG_INJECTABLE', true, CURRENT_TIMESTAMP, CURRENT_TIMESTAMP),
(55, 'E5880V00', 'CP2D PLS MI 72H', 'PLASMA_MFG_INJECTABLE', true, CURRENT_TIMESTAMP, CURRENT_TIMESTAMP),
(56, 'E6022V00', 'CP2D PLS MI 120H', 'PLASMA_MFG_INJECTABLE', true, CURRENT_TIMESTAMP, CURRENT_TIMESTAMP),
(57, 'E6170V00', 'LIQ CP2D PLS MNI REF', 'PLASMA_MFG_NONINJECTABLE', true, CURRENT_TIMESTAMP, CURRENT_TIMESTAMP),
(58, 'E7607V00', 'APH RT24 PF24 C4', 'PLASMA_TRANSFUSABLE', true, CURRENT_TIMESTAMP, CURRENT_TIMESTAMP),
(59, 'E7637V00', 'APH PF24 C1', 'PLASMA_TRANSFUSABLE', true, CURRENT_TIMESTAMP, CURRENT_TIMESTAMP),
(60, 'E7639V00', 'APH PF24 C2', 'PLASMA_TRANSFUSABLE', true, CURRENT_TIMESTAMP, CURRENT_TIMESTAMP),
(61, 'E7641V00', 'APH PF24 C3', 'PLASMA_TRANSFUSABLE', true, CURRENT_TIMESTAMP, CURRENT_TIMESTAMP),
(62, 'E7643V00', 'APH PF24 C4', 'PLASMA_TRANSFUSABLE', true, CURRENT_TIMESTAMP, CURRENT_TIMESTAMP),
(63, 'E7644V00', 'APH RT24 PF24', 'PLASMA_TRANSFUSABLE', true, CURRENT_TIMESTAMP, CURRENT_TIMESTAMP),
(64, 'E7644VA0', 'APH RT24 PF24 A', 'PLASMA_TRANSFUSABLE', true, CURRENT_TIMESTAMP, CURRENT_TIMESTAMP),
(65, 'E7644VB0', 'APH RT24 PF24 B', 'PLASMA_TRANSFUSABLE', true, CURRENT_TIMESTAMP, CURRENT_TIMESTAMP),
(66, 'E7644VC0', 'APH RT24 PF24 C', 'PLASMA_TRANSFUSABLE', true, CURRENT_TIMESTAMP, CURRENT_TIMESTAMP),
(67, 'E7644VD0', 'APH RT24 PF24 D', 'PLASMA_TRANSFUSABLE', true, CURRENT_TIMESTAMP, CURRENT_TIMESTAMP),
(68, 'E7646V00', 'APH RT24 PF24 C1', 'PLASMA_TRANSFUSABLE', true, CURRENT_TIMESTAMP, CURRENT_TIMESTAMP),
(69, 'E7648V00', 'APH RT24 PF24 C2', 'PLASMA_TRANSFUSABLE', true, CURRENT_TIMESTAMP, CURRENT_TIMESTAMP),
(70, 'E7650V00', 'APH RT24 PF24 C3', 'PLASMA_TRANSFUSABLE', true, CURRENT_TIMESTAMP, CURRENT_TIMESTAMP),
(71, 'E8340V00', 'PRT APH PASPLT', 'PRT_APHERESIS_PLATELETS', true, CURRENT_TIMESTAMP, CURRENT_TIMESTAMP),
(72, 'E8341V00', 'PRT APH PASPLT C1', 'PRT_APHERESIS_PLATELETS', true, CURRENT_TIMESTAMP, CURRENT_TIMESTAMP),
(73, 'E8342V00', 'PRT APH PASPLT C2', 'PRT_APHERESIS_PLATELETS', true, CURRENT_TIMESTAMP, CURRENT_TIMESTAMP),
(74, 'E8343V00', 'PRT APH PASPLT C3', 'PRT_APHERESIS_PLATELETS', true, CURRENT_TIMESTAMP, CURRENT_TIMESTAMP),
(75, 'E8344V00', 'PRT APH PASPLT VC', 'PRT_APHERESIS_PLATELETS', true, CURRENT_TIMESTAMP, CURRENT_TIMESTAMP),
(76, 'E8695V00', 'WSH PRT APH PLT', 'PRT_APHERESIS_PLATELETS', true, CURRENT_TIMESTAMP, CURRENT_TIMESTAMP),
(77, 'E8696V00', 'WSH PRT APH PLT C1', 'PRT_APHERESIS_PLATELETS', true, CURRENT_TIMESTAMP, CURRENT_TIMESTAMP),
(78, 'E8697V00', 'WSH PRT APH PLT C2', 'PRT_APHERESIS_PLATELETS', true, CURRENT_TIMESTAMP, CURRENT_TIMESTAMP),
(79, 'E8698V00', 'WSH PRT APH PLT C3', 'PRT_APHERESIS_PLATELETS', true, CURRENT_TIMESTAMP, CURRENT_TIMESTAMP),
(80, 'E9138V00', 'PRT APH PASPLT VC C1', 'PRT_APHERESIS_PLATELETS', true, CURRENT_TIMESTAMP, CURRENT_TIMESTAMP),
(81, 'E9139V00', 'PRT APH PASPLT VC C2', 'PRT_APHERESIS_PLATELETS', true, CURRENT_TIMESTAMP, CURRENT_TIMESTAMP),
(82, 'E9140V00', 'PRT APH PASPLT VC C3', 'PRT_APHERESIS_PLATELETS', true, CURRENT_TIMESTAMP, CURRENT_TIMESTAMP),
(83, 'E9431V00', 'PRT APH PASPLT REF', 'PRT_APHERESIS_PLATELETS', true, CURRENT_TIMESTAMP, CURRENT_TIMESTAMP),
(84, 'E9432V00', 'PRT APH PASPLT REF C1', 'PRT_APHERESIS_PLATELETS', true, CURRENT_TIMESTAMP, CURRENT_TIMESTAMP),
(85, 'E9433V00', 'PRT APH PASPLT REF C2', 'PRT_APHERESIS_PLATELETS', true, CURRENT_TIMESTAMP, CURRENT_TIMESTAMP),
(86, 'E9434V00', 'PRT APH PASPLT REF C3', 'PRT_APHERESIS_PLATELETS', true, CURRENT_TIMESTAMP, CURRENT_TIMESTAMP),
(87, 'EA007V00', 'APH PLT BM36', 'APHERESIS_PLATELETS_LEUKOREDUCED', true, CURRENT_TIMESTAMP, CURRENT_TIMESTAMP),
(88, 'EA008V00', 'APH PLT BM36 C1', 'APHERESIS_PLATELETS_LEUKOREDUCED', true, CURRENT_TIMESTAMP, CURRENT_TIMESTAMP),
(89, 'EA009V00', 'APH PLT BM36 C2', 'APHERESIS_PLATELETS_LEUKOREDUCED', true, CURRENT_TIMESTAMP, CURRENT_TIMESTAMP),
(90, 'EA010V00', 'APH PLT BM36 C3', 'APHERESIS_PLATELETS_LEUKOREDUCED', true, CURRENT_TIMESTAMP, CURRENT_TIMESTAMP),
(91, 'EA011V00', 'APH PLT VC BM36', 'APHERESIS_PLATELETS_LEUKOREDUCED', true, CURRENT_TIMESTAMP, CURRENT_TIMESTAMP),
(92, 'EA012V00', 'APH PLT VC BM36 C1', 'APHERESIS_PLATELETS_LEUKOREDUCED', true, CURRENT_TIMESTAMP, CURRENT_TIMESTAMP),
(93, 'EA013V00', 'APH PLT VC BM36 C2', 'APHERESIS_PLATELETS_LEUKOREDUCED', true, CURRENT_TIMESTAMP, CURRENT_TIMESTAMP),
(94, 'EA014V00', 'APH PLT VC BM36 C3', 'APHERESIS_PLATELETS_LEUKOREDUCED', true, CURRENT_TIMESTAMP, CURRENT_TIMESTAMP),
(95, 'EA136V00', 'APH PASPLT BM36', 'APHERESIS_PLATELETS_LEUKOREDUCED', true, CURRENT_TIMESTAMP, CURRENT_TIMESTAMP),
(96, 'EA137V00', 'APH PASPLT BM36 C1', 'APHERESIS_PLATELETS_LEUKOREDUCED', true, CURRENT_TIMESTAMP, CURRENT_TIMESTAMP),
(97, 'EA138V00', 'APH PASPLT BM36 C2', 'APHERESIS_PLATELETS_LEUKOREDUCED', true, CURRENT_TIMESTAMP, CURRENT_TIMESTAMP),
(98, 'EA139V00', 'APH PASPLT BM36 C3', 'APHERESIS_PLATELETS_LEUKOREDUCED', true, CURRENT_TIMESTAMP, CURRENT_TIMESTAMP),
(99, 'EA140V00', 'APH PASPLT VC BM36', 'APHERESIS_PLATELETS_LEUKOREDUCED', true, CURRENT_TIMESTAMP, CURRENT_TIMESTAMP),
(100, 'EA141V00', 'APH PASPLT VC BM36 C1', 'APHERESIS_PLATELETS_LEUKOREDUCED', true, CURRENT_TIMESTAMP, CURRENT_TIMESTAMP),
(101, 'EA142V00', 'APH PASPLT VC BM36 C2', 'APHERESIS_PLATELETS_LEUKOREDUCED', true, CURRENT_TIMESTAMP, CURRENT_TIMESTAMP),
(102, 'EA143V00', 'APH PASPLT VC BM36 C3', 'APHERESIS_PLATELETS_LEUKOREDUCED', true, CURRENT_TIMESTAMP, CURRENT_TIMESTAMP),
(103, 'EB311V00', 'PRT APH PASPLT C4', 'PRT_APHERESIS_PLATELETS', true, CURRENT_TIMESTAMP, CURRENT_TIMESTAMP),
(104, 'EB314V00', 'PRT APH PASPLT VC C4', 'PRT_APHERESIS_PLATELETS', true, CURRENT_TIMESTAMP, CURRENT_TIMESTAMP),
(105, 'EB317V00', 'PRT APH PASPLT REF C4', 'PRT_APHERESIS_PLATELETS', true, CURRENT_TIMESTAMP, CURRENT_TIMESTAMP),
(106, 'EB318V00', 'WSH PRT APH PLT C4', 'PRT_APHERESIS_PLATELETS', true, CURRENT_TIMESTAMP, CURRENT_TIMESTAMP);


INSERT INTO receiving.lk_product_family_product (product_family_id, product_code)
VALUES
 (9, 'E0023V00'),
 (10, 'E0033V00'),
 (9, 'E0112V00'),
 (7, 'E0167V00'),
 (8, 'E0181V00'),
 (7, 'E0262V00'),
 (7, 'E0316V00'),
 (8, 'E0336V00'),
 (7, 'E0366V00'),
 (8, 'E0382V00'),
 (7, 'E0404V00'),
 (8, 'E0424V00'),
 (8, 'E0678V00'),
 (8, 'E0685V00'),
 (8, 'E0686V00'),
 (5, 'E0701V00'),
 (5, 'E0713V00'),
 (5, 'E0869V00'),
 (5, 'E0869VA0'),
 (5, 'E0869VB0'),
 (5, 'E0869VC0'),
 (5, 'E0869VD0'),
 (5, 'E1624V00'),
 (5, 'E1624VA0'),
 (5, 'E1624VB0'),
 (5, 'E1624VC0'),
 (5, 'E1624VD0'),
 (5, 'E2457V00'),
 (5, 'E2469V00'),
 (4, 'E2488V00'),
 (3, 'E2534V00'),
 (5, 'E2555V00'),
 (4, 'E2603V00'),
 (5, 'E2619V00'),
 (1, 'E3556V00'),
 (1, 'E3558V00'),
 (1, 'E3559V00'),
 (1, 'E3560V00'),
 (8, 'E4140V00'),
 (8, 'E4531V00'),
 (8, 'E4532V00'),
 (8, 'E4533V00'),
 (8, 'E4566V00'),
 (8, 'E4567V00'),
 (5, 'E4689V00'),
 (5, 'E4693V00'),
 (5, 'E4697V00'),
 (5, 'E4701V00'),
 (8, 'E5085V00'),
 (8, 'E5105V00'),
 (8, 'E5106V00'),
 (8, 'E5107V00'),
 (8, 'E5160V00'),
 (3, 'E5622V00'),
 (3, 'E5880V00'),
 (3, 'E6022V00'),
 (4, 'E6170V00'),
 (5, 'E7607V00'),
 (5, 'E7637V00'),
 (5, 'E7639V00'),
 (5, 'E7641V00'),
 (5, 'E7643V00'),
 (5, 'E7644V00'),
 (5, 'E7644VA0'),
 (5, 'E7644VB0'),
 (5, 'E7644VC0'),
 (5, 'E7644VD0'),
 (5, 'E7646V00'),
 (5, 'E7648V00'),
 (5, 'E7650V00'),
 (6, 'E8340V00'),
 (6, 'E8341V00'),
 (6, 'E8342V00'),
 (6, 'E8343V00'),
 (6, 'E8344V00'),
 (6, 'E8695V00'),
 (6, 'E8696V00'),
 (6, 'E8697V00'),
 (6, 'E8698V00'),
 (6, 'E9138V00'),
 (6, 'E9139V00'),
 (6, 'E9140V00'),
 (6, 'E9431V00'),
 (6, 'E9432V00'),
 (6, 'E9433V00'),
 (6, 'E9434V00'),
 (1, 'EA007V00'),
 (1, 'EA009V00'),
 (1, 'EA010V00'),
 (1, 'EA011V00'),
 (1, 'EA012V00'),
 (1, 'EA013V00'),
 (1, 'EA014V00'),
 (1, 'EA136V00'),
 (1, 'EA137V00'),
 (1, 'EA138V00'),
 (1, 'EA139V00'),
 (1, 'EA008V00'),
 (1, 'EA140V00'),
 (1, 'EA141V00'),
 (1, 'EA142V00'),
 (1, 'EA143V00'),
 (6, 'EB311V00'),
 (6, 'EB314V00'),
 (6, 'EB317V00'),
 (6, 'EB318V00');


DELETE FROM receiving.lk_product_consequence;

-- Product Consequences
INSERT INTO receiving.lk_product_consequence (id, product_category, acceptable, result_property, result_type, result_value, consequence_type, consequence_reason, order_number, active, create_date, modification_date)
VALUES
    (1,'REFRIGERATED', true, 'TEMPERATURE', 'VALUE_FORMULA', 'TEMPERATURE >= 1 && TEMPERATURE <= 10', 'RETURN_TO_INVENTORY', 'return-to-inventory.label', 1, true, now(), now()),
    (2,'REFRIGERATED', false, 'TEMPERATURE', 'VALUE_FORMULA', 'TEMPERATURE > 10 || TEMPERATURE < 1', 'QUARANTINE', 'OUT_OF_TEMPERATURE', 2, true, now(), now()),
    (3,'ROOM_TEMPERATURE', true, 'TEMPERATURE', 'VALUE_FORMULA', 'TEMPERATURE >= 20 && TEMPERATURE <= 24', 'RETURN_TO_INVENTORY', 'return-to-inventory.label', 3, true, now(), now()),
    (4,'ROOM_TEMPERATURE', false, 'TEMPERATURE', 'VALUE_FORMULA', 'TEMPERATURE > 24 || TEMPERATURE < 20', 'QUARANTINE', 'OUT_OF_TEMPERATURE', 4, true, now(), now()),
    (5,'FROZEN', true, 'VISUAL_INSPECTION', 'VALUE_EQUALS', 'ACCEPTABLE', 'RETURN_TO_INVENTORY', 'return-to-inventory.label', 5, true, now(), now()),
    (6,'FROZEN', false, 'VISUAL_INSPECTION', 'VALUE_EQUALS', 'UNACCEPTABLE', 'QUARANTINE', 'FAILED_VISUAL_INSPECTION', 6, true, now(), now()),
    (7,'ROOM_TEMPERATURE', true, 'TRANSIT_TIME', 'VALUE_FORMULA', 'TRANSIT_TIME >= 0 && TRANSIT_TIME <= 24', 'RETURN_TO_INVENTORY', 'return-to-inventory.label', 7, true, now(), now()),
    (8,'ROOM_TEMPERATURE', false, 'TRANSIT_TIME', 'VALUE_FORMULA', 'TRANSIT_TIME > 24 || TRANSIT_TIME < 0', 'QUARANTINE', 'OUT_OF_TRANSIT_TIME', 8, true, now(), now()),
    (9,'ROOM_TEMPERATURE', true, 'VISUAL_INSPECTION', 'VALUE_EQUALS', 'ACCEPTABLE', 'RETURN_TO_INVENTORY', 'return-to-inventory.label', 12, true, now(), now()),
    (10,'ROOM_TEMPERATURE', false, 'VISUAL_INSPECTION', 'VALUE_EQUALS', 'UNACCEPTABLE', 'QUARANTINE', 'FAILED_VISUAL_INSPECTION', 13, true, now(), now()),
    (11,'REFRIGERATED', true, 'VISUAL_INSPECTION', 'VALUE_EQUALS', 'ACCEPTABLE', 'RETURN_TO_INVENTORY', 'return-to-inventory.label', 14, true, now(), now()),
    (12,'REFRIGERATED', false, 'VISUAL_INSPECTION', 'VALUE_EQUALS', 'UNACCEPTABLE', 'QUARANTINE', 'quarantine-reason.inspection-unacceptable', 15, true, now(), now());
